"player_name","player_id","year","xwoba","xba","xslg","xiso","xobp","brl","brl_percent","exit_velocity","max_ev","hard_hit_percent","k_percent","bb_percent","whiff_percent","chase_percent","arm_strength","sprint_speed","oaa","bat_speed","squared_up_rate","swing_length"
"Lukes, Nathan","664770","2025",,,,,,,,,15,,,,,,,39,37,,,
"Campusano, Luis","669134","2025",,,,,,,,,11,,,,,,,12,,,,
"Soler, Jorge","624585","2025",33,19,48,64,15,76,78,62,90,54,10,26,18,70,,28,,79,27,9
"Adames, Willy","642715","2025",39,20,46,61,31,76,59,34,60,67,37,67,41,54,75,66,1,46,32,3
"Rodgers, Brendan","663898","2025",50,53,42,41,59,28,72,67,86,78,4,56,7,69,,25,57,,,
"Trout, Mike","545361","2025",81,43,93,97,50,83,91,62,97,65,10,61,18,62,76,85,14,71,26,42
"Abreu, Wilyer","677800","2025",90,74,91,90,92,83,82,77,75,82,40,93,66,78,96,45,85,82,17,77
"Robles, Victor","645302","2025",,,,,,,,,90,,,,,,,69,,,,
"Ozuna, Marcell","542303","2025",95,84,81,72,99,51,57,88,70,82,55,100,43,89,,4,,79,57,52
"Thomas, Alek","677950","2025",50,77,44,32,48,35,46,89,58,50,47,9,43,12,56,74,24,39,89,69
"Busch, Michael","683737","2025",67,35,70,78,61,68,70,46,41,32,34,66,44,73,4,47,21,16,43,69
"Garcia, Maikel","672580","2025",85,96,77,47,91,35,28,92,69,90,85,64,95,92,60,66,89,51,98,52
"Veen, Zac","691728","2025",,,,,,,,,56,,,,,,,78,,,,
"Marsh, Brandon","669016","2025",,,,,,,,,23,,,,,,,80,28,,,
"Canha, Mark","592192","2025",,,,,,,,,21,,,,,,,46,,,,
"Marte, Starling","516782","2025",,,,,,,,,63,,,,,,,22,,,,
"Valdez, Enmanuel","665839","2025",69,78,62,52,74,35,45,53,47,62,80,73,66,52,,28,92,,,
"Seager, Corey","608369","2025",94,97,96,93,85,76,89,91,88,77,74,41,46,68,24,3,25,67,65,91
"Crawford, J.P.","641487","2025",80,74,52,40,94,35,32,12,49,21,69,94,85,71,12,48,9,38,13,69
"Stott, Bryson","681082","2025",25,39,21,17,46,20,20,2,47,7,53,54,76,87,18,77,90,9,23,69
"Clemens, Kody","665019","2025",,,,,,,,,55,,,,,,,9,,,,
"Peraza, Oswald","672724","2025",,,,,,,,,56,,,,,,,77,,,,
"Larnach, Trevor","663616","2025",33,44,24,19,60,20,19,46,85,37,62,73,33,33,40,20,21,49,48,29
"Tawa, Tim","694374","2025",81,58,79,79,78,35,72,69,62,50,49,78,31,53,5,81,75,,,
"Martínez, Angel","682657","2025",,,,,,,,,17,,,,,,,53,29,23,60,42
"Judge, Aaron","592450","2025",100,99,100,100,99,100,100,99,99,96,59,86,24,91,,39,81,97,54,1
"Rortvedt, Ben","666163","2025",,,,,,,,,13,,,,,,,11,,,,
"Freeman, Tyler","671289","2025",,,,,,,,,43,,,,,,,66,,,,
"Suzuki, Seiya","673548","2025",70,48,82,87,46,91,92,83,95,72,12,52,55,79,,76,,65,33,52
"Moniak, Mickey","666160","2025",55,51,62,63,43,35,50,30,44,50,53,38,13,12,67,91,49,70,64,21
"Laureano, Ramón","657656","2025",,,,,,,,,76,,,,,,87,55,83,,,
"Tellez, Rowdy","642133","2025",58,43,64,69,40,51,87,80,92,67,28,16,13,37,,1,36,,,
"Candelario, Jeimer","600869","2025",1,1,1,22,1,20,36,19,39,8,6,61,11,34,,40,77,19,10,3
"Bauers, Jake","641343","2025",,,,,,,,,51,,,,,,,21,,,,
"Baldwin, Brooks","681460","2025",20,38,38,41,9,20,25,42,66,26,21,14,36,16,,91,12,37,54,84
"Vázquez, Christian","543877","2025",,,,,,,,,18,,,,,,,7,,,,
"Lopez, Otto","672640","2025",70,87,71,53,70,51,48,6,64,5,87,47,81,19,43,85,99,25,68,91
"Siani, Michael","672279","2025",,,,,,,,,27,,,,,,,73,,,,
"McCarthy, Jake","664983","2025",,,,,,,,,16,,,,,,,92,,,,
"Mitchell, Garrett","669003","2025",19,29,19,19,37,13,32,59,75,48,5,52,16,70,86,93,100,,,
"Sosa, Lenyn","672820","2025",36,78,51,39,25,35,31,59,40,26,36,6,53,1,29,39,80,40,71,42
"Lopez, Nicky","670032","2025",,,,,,,,,8,,,,,,,54,,,,
"Keith, Colt","690993","2025",74,35,50,54,88,28,41,4,60,20,42,98,56,90,14,65,17,23,35,91
"Rutschman, Adley","668939","2025",83,81,73,62,86,51,50,44,68,30,78,82,95,96,,45,,23,98,84
"Tena, José","677588","2025",,,,,,,,,38,,,,,,,54,76,,,
"Refsnyder, Rob","608701","2025",,,,,,,,,82,,,,,,,42,,,,
"Machado, Manny","592518","2025",92,98,92,81,91,87,74,91,96,95,75,54,50,20,65,17,7,88,67,9
"McMahon, Ryan","641857","2025",17,2,13,37,28,35,42,94,68,72,4,86,11,64,57,18,94,84,17,42
"Herrera, Iván","671056","2025",,,,,,,,,86,,,,,,,34,,,,
"Rengifo, Luis","650859","2025",9,47,16,10,10,13,13,6,29,7,76,10,50,25,60,23,6,23,50,69
"Stallings, Jacob","607732","2025",,,,,,,,,13,,,,,,,1,,5,6,61
"Wade, Tyler","642180","2025",,,,,,,,,9,,,,,,,65,26,,,
"Kwan, Steven","680757","2025",64,94,48,20,76,13,8,9,18,2,96,31,100,63,84,31,6,1,96,97
"Betts, Mookie","605141","2025",45,60,30,21,68,13,9,29,36,19,97,73,84,80,37,32,93,6,100,77
"Brown, Seth","664913","2025",,,,,,,,,80,,,,,,,57,,,,
"Flores, Wilmer","527038","2025",11,21,26,34,7,35,29,4,21,3,46,18,62,43,,3,,3,67,84
"Story, Trevor","596115","2025",30,47,41,42,20,59,53,56,62,89,13,10,29,6,48,88,30,35,8,52
"Fortes, Nick","663743","2025",,,,,,,,,29,,,,,,,16,,,,
"Bruján, Vidal","660644","2025",,,,,,,,,8,,,,,,,26,,,,
"Smith, Will","669257","2025",80,62,80,81,81,68,84,70,41,68,39,85,48,90,,35,,15,78,61
"Sanoja, Javier","691594","2025",,,,,,,,,19,,,,,,,63,87,,,
"Wilson, Jacob","805779","2025",55,98,39,8,70,13,7,14,47,6,100,7,99,14,84,42,50,1,99,100
"Verdugo, Alex","657077","2025",,,,,,,,,30,,,,,,,28,,,,
"Alvarez, Yordan","670541","2025",76,39,79,84,67,68,69,95,94,69,74,81,63,47,,25,,97,41,9
"Shaw, Matt","807713","2025",,,,,,,,,30,,,,,,,91,9,,,
"Mead, Curtis","678554","2025",,,,,,,,,77,,,,,,,35,81,,,
"Adams, Riley","656180","2025",,,,,,,,,60,,,,,,,17,,,,
"Nido, Tomás","621512","2025",,,,,,,,,24,,,,,,,10,,,,
"Winn, Masyn","691026","2025",38,39,32,30,54,35,56,39,55,28,29,56,47,57,87,72,97,28,35,29
"Pasquantino, Vinnie","686469","2025",20,17,46,62,7,68,52,56,82,43,63,26,65,19,1,9,90,79,71,29
"Ramírez, Agustín","682663","2025",,,,,,,,,88,,,,,,,33,,,,
"Bell, Josh","605137","2025",22,10,26,39,22,44,46,12,72,25,42,61,24,38,,7,,43,22,3
"Pages, Andy","681624","2025",28,24,34,43,26,44,45,28,41,15,34,38,71,19,96,82,85,64,4,7
"Renfroe, Hunter","592669","2025",2,2,1,9,2,8,14,31,64,23,62,47,63,52,76,43,24,,,
"Pillar, Kevin","607680","2025",,,,,,,,,21,,,,,,,84,,,,
"Urías, Luis","649966","2025",72,60,63,58,76,28,46,32,32,21,94,80,99,98,18,13,17,,,
"Gonzalez, Romy","663853","2025",,,,,,,,,81,,,,,,,83,,,,
"Suwinski, Jack","669261","2025",,,,,,,,,70,,,,,,,47,39,,,
"Morel, Christopher","666624","2025",62,32,72,81,37,76,98,62,93,48,1,51,2,24,,73,28,89,1,1
"Dalbec, Bobby","666915","2025",,,,,,,,,35,,,,,,,57,,,,
"Jones, Nolan","666134","2025",37,7,37,60,47,28,59,97,69,96,3,88,26,72,,69,10,77,10,84
"O'Hearn, Ryan","656811","2025",91,92,89,84,88,68,80,72,58,92,85,56,78,44,,57,,61,87,52
"Goldschmidt, Paul","502671","2025",73,88,77,59,69,59,42,34,56,34,70,31,69,35,3,36,28,63,60,15
"Tucker, Kyle","663656","2025",97,92,96,94,96,97,82,76,44,66,93,91,72,97,65,30,24,59,89,29
"Clement, Ernie","676391","2025",6,30,8,6,7,8,9,10,53,1,89,12,85,6,,90,98,,,
"Marte, Ketel","606466","2025",,,,,,,,,97,,,,,,,27,,94,65,5
"McLain, Matt","680574","2025",37,4,35,59,43,51,74,50,64,67,6,84,29,81,40,93,85,32,29,84
"McKinstry, Zach","656716","2025",35,44,22,16,64,35,39,24,51,25,19,80,39,56,81,74,81,4,45,95
"Bride, Jonah","681146","2025",,,,,,,,,19,,,,,,,41,,,,
"Happ, Ian","664023","2025",84,89,71,50,89,76,50,46,85,44,76,79,72,81,47,49,45,55,62,77
"Julien, Edouard","666397","2025",59,45,56,57,56,44,64,32,67,43,17,66,43,80,,55,2,27,52,77
"India, Jonathan","663697","2025",62,60,34,26,82,35,28,50,36,30,81,82,87,97,,66,1,44,82,52
"Altuve, Jose","514888","2025",6,11,18,28,5,35,25,4,35,24,58,26,61,3,22,43,64,9,52,29
"Marte, Noelvi","682622","2025",,,,,,,,,98,,,,,,,96,55,,,
"Smith, Josh","669701","2025",58,70,44,36,69,28,33,34,31,31,60,67,86,49,,62,52,16,85,89
"Pereda, Jhonny","640902","2025",,,,,,,,,14,,,,,,,1,,,,
"Ohtani, Shohei","660271","2025",98,95,99,99,98,99,99,100,100,100,26,90,9,72,,72,,97,69,3
"De La Cruz, Bryan","650559","2025",,,,,,,,,30,,,,,,,68,,,,
"Polanco, Jorge","593871","2025",99,100,99,96,96,90,95,84,72,92,92,19,69,50,,13,,49,94,52
"Taylor, Tyrone","621438","2025",47,85,40,22,56,13,19,12,59,38,51,2,71,27,89,94,95,31,41,21
"Kelenic, Jarred","672284","2025",,,,,,,,,46,,,,,,91,26,62,,,
"Ornelas, Tirso","672359","2025",,,,,,,,,38,,,,,,,42,,,,
"Friedl, TJ","670770","2025",14,50,10,5,36,4,4,24,34,17,83,37,93,82,52,44,89,20,85,91
"Bleday, JJ","668709","2025",23,12,14,22,49,13,13,46,64,47,54,85,59,86,79,44,2,59,62,21
"Schmitt, Casey","669477","2025",,,,,,,,,81,,,,,,,73,,,,
"Raley, Luke","670042","2025",81,57,52,47,93,44,81,80,95,79,36,77,2,41,,86,41,85,5,61
"France, Ty","664034","2025",85,84,83,79,75,87,71,44,51,51,87,28,64,44,2,8,64,25,70,42
"Lee, Brooks","686797","2025",,,,,,,,,31,,,,,,,20,55,,,
"Young, Jacob","696285","2025",28,56,5,1,72,1,1,11,32,7,89,65,94,89,70,95,82,,,
"Solano, Donovan","456781","2025",,,,,,,,,16,,,,,,,6,,,,
"Margot, Manuel","622534","2025",,,,,,,,,12,,,,,,,11,,,,
"Misner, Kameron","670224","2025",15,26,28,35,10,20,27,29,45,22,33,22,27,54,92,79,74,71,19,9
"Torrens, Luis","620443","2025",,,,,,,,,40,,,,,,,31,,,,
"Campbell, Kristian","692225","2025",81,78,70,59,89,44,52,49,86,60,30,90,20,84,21,61,19,71,45,89
"McCutchen, Andrew","457705","2025",80,73,77,73,78,76,79,42,68,59,72,75,46,77,,44,,37,62,15
"Mastrobuoni, Miles","670156","2025",,,,,,,,,36,,,,,,,79,83,,,
"Hernández, Teoscar","606192","2025",78,95,86,74,56,76,57,16,89,37,67,4,24,39,81,75,4,61,24,7
"Barrosa, Jorge","678489","2025",,,,,,,,,10,,,,,,,76,,,,
"Wallner, Matt","670242","2025",,,,,,,,,85,,,,,,,54,41,,,
"Robert Jr., Luis","673357","2025",53,28,42,52,64,68,78,37,97,46,7,87,12,44,60,88,43,91,2,9
"Giménez, Andrés","665926","2025",41,45,28,25,53,20,19,26,28,16,62,39,67,22,43,87,90,19,57,77
"Trevino, Jose","624431","2025",39,65,49,40,33,28,35,29,36,58,92,24,93,35,,2,,,,
"Turang, Brice","668930","2025",67,83,53,37,70,59,50,88,63,76,45,46,78,68,29,92,50,13,84,91
"Correa, Carlos","621043","2025",12,48,20,13,19,20,17,48,90,41,66,18,74,27,60,35,98,71,24,52
"Dunn, Blake","694362","2025",,,,,,,,,66,,,,,,62,99,87,,,
"Schwarber, Kyle","656941","2025",97,62,96,98,98,87,84,95,98,98,45,97,18,93,,19,,97,59,29
"Langford, Wyatt","694671","2025",77,51,80,83,64,51,63,67,74,57,63,65,74,48,69,89,65,85,75,61
"Moreno, Gabriel","672515","2025",51,74,32,18,72,4,6,87,26,76,67,64,81,57,,29,,31,90,84
"Sánchez, Gary","596142","2025",,,,,,,,,53,,,,,,,1,,,,
"Williamson, Ben","810938","2025",,,,,,,,,70,,,,,,,77,13,,,
"Iglesias, Jose","578428","2025",6,30,3,1,21,1,1,1,59,4,81,6,81,4,13,67,2,5,32,97
"Moncada, Yoán","660162","2025",,,,,,,,,16,,,,,,,62,,,,
"Torres, Gleyber","650402","2025",94,93,95,91,87,59,67,53,45,32,97,46,84,92,19,23,33,20,97,61
"Urías, Ramón","602104","2025",18,15,14,20,22,28,46,20,35,30,61,59,47,54,,48,71,,,
"Crow-Armstrong, Pete","691718","2025",68,70,84,86,29,91,77,44,49,40,54,8,63,1,94,96,100,44,65,61
"Taylor, Chris","621035","2025",,,,,,,,,19,,,,,,,74,,,,
"Turner, Trea","607208","2025",30,48,21,14,54,13,11,34,51,32,65,54,39,41,40,99,86,23,65,29
"Koss, Christian","683766","2025",,,,,,,,,21,,,,,,,91,41,,,
"Muncy, Max","571970","2025",48,8,41,64,52,44,57,53,49,81,6,83,35,83,56,52,5,43,1,69
"Volpe, Anthony","683011","2025",65,48,60,65,61,68,65,82,72,82,30,66,27,86,33,71,26,51,62,69
"Bogaerts, Xander","593428","2025",28,39,20,15,61,13,14,48,86,34,49,77,71,86,26,69,12,55,65,42
"Dubón, Mauricio","643289","2025",,,,,,,,,49,,,,,,,70,97,,,
"Arozarena, Randy","668227","2025",79,33,65,74,87,51,57,72,87,70,18,91,12,57,35,63,21,59,28,29
"White, Eli","642201","2025",,,,,,,,,47,,,,,,,99,72,,,
"Turner, Justin","457759","2025",,,,,,,,,16,,,,,,,9,,,,
"Castro, Willi","650489","2025",,,,,,,,,64,,,,,,,67,1,,,
"Melendez, MJ","669004","2025",,,,,,,,,47,,,,,,,44,,,,
"Westburg, Jordan","676059","2025",51,55,66,66,26,59,75,31,66,38,42,16,56,76,,94,78,29,55,91
"Soderstrom, Tyler","691016","2025",88,89,89,85,76,95,87,87,84,79,45,50,56,58,,53,6,82,56,21
"Bryant, Kris","592178","2025",,,,,,,,,13,,,,,,,19,,,,
"Huff, Sam","669087","2025",,,,,,,,,22,,,,,,,1,,,,
"Albies, Ozzie","645277","2025",14,23,25,31,13,35,23,8,32,3,89,41,74,21,4,54,38,8,74,61
"Anderson, Tim","641313","2025",,,,,,,,,17,,,,,,58,71,91,13,21,77
"Mervis, Matt","670223","2025",4,1,15,51,2,35,74,59,41,57,1,41,1,5,,7,23,74,3,1
"DeJong, Paul","657557","2025",,,,,,,,,51,,,,,,,32,96,,,
"Walker, Jordan","691023","2025",6,5,11,26,6,20,25,74,98,56,9,34,5,11,98,80,73,99,3,5
"Winker, Jesse","608385","2025",25,18,31,43,32,20,41,42,57,62,28,75,60,94,,20,,,,
"Escarra, J.C.","641555","2025",,,,,,,,,30,,,,,,,14,,,,
"Mangum, Jake","663968","2025",50,81,43,28,56,8,14,28,29,42,96,31,89,7,,92,80,6,59,97
"Hernández, Enrique","571771","2025",37,18,60,78,13,44,81,77,63,29,16,45,14,26,,34,83,27,37,42
"Garver, Mitch","641598","2025",,,,,,,,,38,,,,,,,12,,,,
"Neto, Zach","687263","2025",,,,,,,,,80,,,,,,39,60,40,,,
"Chapman, Matt","656305","2025",72,29,57,67,83,59,60,94,74,88,23,97,33,93,78,70,93,92,26,29
"Lockridge, Brandon","663604","2025",,,,,,,,,41,,,,,,,99,91,,,
"Frelick, Sal","686217","2025",41,70,17,5,74,4,4,7,30,9,93,56,96,83,71,88,22,6,90,84
"Pozo, Yohel","650968","2025",,,,,,,,,22,,,,,,,3,,,,
"Grichuk, Randal","545341","2025",,,,,,,,,83,,,,,,,38,,,,
"Arenado, Nolan","571448","2025",30,45,23,18,61,28,20,10,43,12,99,73,79,34,48,15,95,44,75,1
"Heyward, Jason","518792","2025",,,,,,,,,53,,,,,,,52,,,,
"Contreras, Willson","575929","2025",70,66,75,71,64,76,65,37,96,45,30,30,21,19,32,51,74,95,11,7
"Swanson, Dansby","621020","2025",53,53,69,70,24,76,63,62,57,79,13,22,14,69,22,79,39,39,64,42
"Alvarez, Francisco","682626","2025",,,,,,,,,97,,,,,,,15,,,,
"Grisham, Trent","663757","2025",93,82,94,95,80,68,86,84,58,85,65,65,87,94,64,50,56,42,92,15
"Doyle, Brenton","686668","2025",60,60,68,66,43,76,84,70,80,54,37,41,38,31,98,92,82,28,71,52
"Encarnacion-Strand, Christian","687952","2025",,,,,,,,,81,,,,,,,58,29,,,
"Sánchez, Jesús","660821","2025",,,,,,,,,49,,,,,,,51,25,,,
"Langeliers, Shea","669127","2025",70,70,76,71,63,76,65,53,96,66,85,54,78,33,,81,,57,72,69
"Casas, Triston","671213","2025",31,13,40,58,30,44,54,23,76,59,35,59,15,72,10,3,11,90,7,5
"Simpson, Chandler","802415","2025",,,,,,,,,40,,,,,,,98,19,,,
"Thomas, Rhylan","689041","2025",,,,,,,,,11,,,,,,,21,,,,
"Palacios, Joshua","641943","2025",,,,,,,,,69,,,,,,,31,,,,
"Riley, Austin","663586","2025",75,72,87,88,43,98,96,89,92,91,9,13,22,30,45,82,93,95,9,29
"Sabol, Blake","666165","2025",,,,,,,,,25,,,,,,,56,,,,
"Hamilton, David","666152","2025",,,,,,,,,27,,,,,,44,89,83,,,
"Torkelson, Spencer","679529","2025",92,51,95,99,82,91,93,80,72,78,29,83,38,76,1,36,49,70,39,9
"Maton, Nick","665155","2025",,,,,,,,,57,,,,,,,12,,,,
"Moore, Dylan","664238","2025",85,74,83,82,66,51,82,16,49,59,46,52,51,75,15,63,7,,,
"Gurriel, Yuli","493329","2025",,,,,,,,,43,,,,,,,41,,,,
"Pagés, Pedro","686780","2025",4,25,11,14,4,13,20,27,51,18,54,2,76,26,,10,,65,17,69
"Matos, Luis","682641","2025",,,,,,,,,83,,,,,,,58,,,,
"Triolo, Jared","669707","2025",,,,,,,,,28,,,,,,,86,77,,,
"Conforto, Michael","624424","2025",26,6,9,20,56,20,28,34,46,38,8,89,20,73,57,29,11,74,2,52
"Cronenworth, Jake","630105","2025",,,,,,,,,38,,,,,,,63,,,,
"Paris, Kyren","677347","2025",38,11,50,70,22,59,96,25,51,91,1,38,1,37,35,94,72,71,1,29
"Kepler, Max","596146","2025",84,88,81,69,83,68,67,59,57,88,69,61,66,58,40,40,50,46,80,52
"Chisholm Jr., Jazz","665862","2025",60,11,55,77,53,68,84,25,59,34,7,78,4,65,16,47,94,47,23,15
"Lindor, Francisco","596019","2025",79,85,75,60,78,68,42,42,62,51,84,31,85,61,22,54,39,25,45,29
"Murphy, Sean","669221","2025",60,14,67,85,36,44,86,41,89,43,4,47,49,80,,4,,,,
"Carpenter, Kerry","681481","2025",90,86,97,98,42,91,90,72,56,60,78,2,74,5,38,41,24,47,88,42
"Hicks, Liam","689414","2025",,,,,,,,,24,,,,,,,23,,,,
"O'Hoppe, Logan","681351","2025",69,47,88,93,20,87,97,67,78,80,2,14,7,37,,40,,38,8,21
"Steer, Spencer","668715","2025",23,25,24,28,30,44,42,22,30,9,49,52,44,78,,78,,35,41,29
"DeLuca, Jonny","676356","2025",,,,,,,,,16,,,,,,,98,,,,
"Isbel, Kyle","664728","2025",1,4,4,11,1,8,9,2,35,4,52,1,80,30,34,71,68,,,
"Collins, Isaac","686555","2025",,,,,,,,,79,,,,,,,68,,,,
"Wong, Connor","657136","2025",,,,,,,,,31,,,,,,,76,,,,
"Wagner, Will","695238","2025",,,,,,,,,22,,,,,,,35,,11,19,97
"Alonso, Pete","624413","2025",100,99,100,99,100,100,98,98,96,98,83,92,69,65,2,15,58,96,57,69
"Amaya, Miguel","665804","2025",,,,,,,,,27,,,,,,,24,,55,16,15
"Kreidler, Ryan","668952","2025",,,,,,,,,34,,,,,,,57,68,,,
"Chourio, Jackson","694192","2025",16,42,44,46,4,68,42,24,66,51,51,1,57,2,62,94,87,79,48,15
"Malloy, Justyn-Henry","669234","2025",56,6,26,45,81,13,36,22,84,23,24,99,27,96,,30,,,,
"Jung, Jace","690291","2025",,,,,,,,,37,,,,,,,9,,,,
"Higashioka, Kyle","543309","2025",,,,,,,,,31,,,,,,,10,,,,
"Fraley, Jake","641584","2025",41,28,25,27,66,13,22,4,47,20,70,88,53,35,88,74,74,,,
"Capra, Vinny","681962","2025",,,,,,,,,17,,,,,,,83,32,,,
"Gurriel Jr., Lourdes","666971","2025",35,53,59,57,14,68,50,19,55,29,93,7,87,21,45,37,54,40,81,29
"Montes, Coco","663796","2025",,,,,,,,,24,,,,,,,16,,,,
"Castellanos, Nick","592206","2025",66,80,74,64,58,59,50,56,47,53,66,29,25,19,39,42,14,33,52,15
"Edman, Tommy","669242","2025",91,94,92,88,72,68,57,56,49,74,84,15,80,28,7,84,97,20,92,84
"Acuña, Luisangel","682668","2025",28,68,10,2,61,1,1,44,69,28,62,49,67,32,28,95,33,,,
"Yastrzemski, Mike","573262","2025",72,66,56,48,85,51,54,59,32,50,61,84,89,47,76,37,11,23,60,42
"Keaschall, Luke","807712","2025",,,,,,,,,18,,,,,,,69,,,,
"Guerrero Jr., Vladimir","665489","2025",89,92,83,72,93,95,89,91,100,90,65,75,54,58,39,32,38,95,56,21
"Adell, Jo","666176","2025",24,35,38,44,10,44,61,40,84,53,19,10,27,15,53,48,15,99,8,15
"Davis, Henry","680779","2025",,,,,,,,,26,,,,,,,72,,,,
"Cruz, Oneil","665833","2025",96,72,91,91,96,97,100,100,100,99,19,95,10,62,100,86,30,100,53,15
"Durbin, Caleb","702332","2025",,,,,,,,,14,,,,,,,87,,,,
"Dunn, Oliver","686554","2025",,,,,,,,,55,,,,,,,68,,,,
"Gasper, Mickey","681508","2025",,,,,,,,,47,,,,,,,43,,,,
"Urshela, Gio","570482","2025",26,66,28,17,32,4,5,18,35,12,80,18,32,15,,6,25,14,62,52
"Rogers, Jake","668670","2025",,,,,,,,,7,,,,,,,25,,,,
"Caballero, José","676609","2025",8,17,2,3,34,4,7,1,19,1,3,75,32,65,,81,95,,,
"Wynns, Austin","642851","2025",,,,,,,,,41,,,,,,,4,,,,
"Sheets, Gavin","657757","2025",53,57,54,51,49,28,39,86,63,93,16,45,34,23,,46,,79,40,15
"Rojas, Johan","679032","2025",,,,,,,,,88,,,,,,94,98,76,,,
"Gonzalez, Oscar","660757","2025",,,,,,,,,76,,,,,,,74,,,,
"Pham, Tommy","502054","2025",3,5,3,7,9,8,10,32,64,32,15,51,41,89,52,62,74,57,37,77
"Norby, Connor","681393","2025",,,,,,,,,45,,,,,,,87,,,,
"Waters, Drew","671221","2025",20,60,23,12,34,8,16,7,60,6,23,16,11,9,,60,43,35,4,95
"Roden, Alan","702176","2025",1,1,1,6,2,4,7,2,40,14,48,24,64,22,85,65,79,,,
"Santana, Carlos","467793","2025",15,7,12,24,32,35,31,17,92,27,77,73,51,59,,11,86,47,12,21
"Keirsey Jr., DaShawn","680577","2025",,,,,,,,,34,,,,,,,83,,,,
"Barnes, Austin","605131","2025",,,,,,,,,24,,,,,,,17,,,,
"Hill, Derek","656537","2025",,,,,,,,,87,,,,,,,97,80,,,
"Muncy, Max","691777","2025",,,,,,,,,90,,,,,,25,64,10,,,
"Duran, Jarren","680776","2025",48,74,46,35,50,68,39,85,85,69,67,24,46,29,71,94,31,77,74,52
"Reyes, Pablo","622569","2025",,,,,,,,,6,,,,,,,36,,,,
"Arias, Gabriel","672356","2025",33,26,52,62,17,51,64,20,79,34,15,35,1,6,80,51,35,91,3,21
"Abrams, CJ","682928","2025",80,87,85,80,63,51,67,78,90,56,47,9,33,14,47,77,9,65,50,21
"Meyers, Jake","676694","2025",53,73,48,37,54,20,24,62,43,46,56,44,47,59,36,82,96,8,68,77
"Lowe, Nathaniel","663993","2025",48,38,46,50,48,51,52,56,84,64,12,58,55,67,13,14,18,51,15,61
"Mullins, Cedric","656775","2025",66,42,44,47,83,44,42,32,46,31,59,91,76,75,54,79,83,37,48,21
"Tatis Jr., Fernando","665487","2025",98,94,97,95,90,96,91,96,91,93,72,61,30,54,99,91,96,71,77,69
"Canario, Alexander","672744","2025",,,,,,,,,73,,,,,,,65,,,,
"Rice, Ben","700250","2025",90,68,90,91,83,91,96,93,92,94,30,75,29,81,,53,,88,58,29
"Vientos, Mark","668901","2025",28,26,27,32,39,35,29,50,70,38,52,67,19,48,54,26,2,20,48,29
"Bichette, Bo","666182","2025",76,96,77,49,71,68,39,67,87,69,87,8,74,4,31,28,5,13,85,61
"Bellinger, Cody","641355","2025",31,13,37,53,22,59,55,53,68,62,55,61,59,43,89,69,84,29,33,9
"García Jr., Luis","671277","2025",63,74,59,51,50,44,34,34,84,45,88,29,73,13,21,34,3,51,91,42
"Carroll, Corbin","682998","2025",93,87,97,96,73,97,93,95,97,96,22,30,26,7,65,97,90,90,27,52
"Miranda, Jose","669304","2025",,,,,,,,,62,,,,,,,2,,,,
"Hoerner, Nico","663538","2025",16,70,15,4,42,1,1,20,21,12,98,21,98,18,8,73,92,10,97,61
"Simon, Ronny","682927","2025",,,,,,,,,53,,,,,,,90,,,,
"Soto, Juan","665742","2025",96,91,93,89,98,83,62,95,95,93,86,96,86,98,70,18,4,74,99,77
"Lowe, Brandon","664040","2025",60,63,71,67,41,59,61,79,83,65,15,34,1,45,9,21,67,55,29,69
"Herrera, Jose","645444","2025",,,,,,,,,5,,,,,,,2,,,,
"Scott II, Victor","687363","2025",13,25,13,15,28,28,29,20,30,17,30,59,35,70,79,100,99,9,43,97
"Frazier, Adam","624428","2025",9,30,7,4,26,1,1,3,9,1,81,35,92,50,20,31,75,3,81,77
"Heim, Jonah","641680","2025",59,81,56,43,56,28,33,79,60,36,56,35,48,54,,13,,16,87,42
"Dingler, Dillon","693307","2025",46,74,73,66,12,44,61,59,70,73,10,1,36,7,,51,,62,33,9
"Ward, Taylor","621493","2025",23,21,54,70,6,83,76,77,69,74,19,18,70,93,50,60,86,18,82,61
"Báez, Javier","595879","2025",19,35,32,31,15,20,25,14,34,13,39,8,23,3,,52,92,51,29,3
"Marchán, Rafael","665561","2025",,,,,,,,,19,,,,,,,23,,,,
"Cabrera, Oswaldo","665828","2025",9,30,4,2,31,1,1,37,39,22,40,37,50,39,,40,22,16,74,52
"Hampson, Garrett","641658","2025",,,,,,,,,5,,,,,,14,85,71,,,
"McCormick, Chas","676801","2025",,,,,,,,,4,,,,,,,19,,,,
"Baldwin, Drake","686948","2025",,,,,,,,,60,,,,,,,14,,,,
"Butler, Lawrence","671732","2025",26,13,39,56,13,76,62,87,78,56,33,50,10,64,75,26,30,82,37,77
"Schneider, Davis","676914","2025",,,,,,,,,2,,,,,,,27,,,,
"Vaughn, Andrew","683734","2025",42,43,65,69,14,91,87,84,72,87,37,16,62,13,,14,16,20,74,42
"Ruiz, Keibert","660688","2025",42,89,28,7,68,4,4,6,41,13,94,21,91,11,,5,,2,96,69
"Jung, Josh","673962","2025",42,58,59,55,24,59,70,19,43,33,58,16,59,22,32,48,81,33,44,77
"Thaiss, Matt","642136","2025",,,,,,,,,64,,,,,,,20,,,,
"Dezenzo, Zach","701305","2025",,,,,,,,,76,,,,,,,75,,,,
"Massey, Michael","686681","2025",4,29,15,14,3,20,17,27,43,22,76,1,83,9,17,30,26,25,71,61
"Rafaela, Ceddanne","678882","2025",57,57,63,62,43,76,75,62,55,60,63,24,25,1,96,84,97,31,55,42
"Villar, David","681584","2025",,,,,,,,,47,,,,,,,9,,,,
"Díaz, Elias","553869","2025",10,11,7,10,24,8,16,18,81,48,70,71,35,38,,2,,,,
"Caratini, Victor","605170","2025",,,,,,,,,39,,,,,,,5,,,,
"Pederson, Joc","592626","2025",2,2,2,12,4,20,29,62,57,36,44,39,58,52,,12,,74,42,21
"Suárez, Eugenio","553993","2025",74,24,86,94,37,91,93,93,85,97,18,49,16,30,51,38,1,67,51,7
"Jansen, Danny","643376","2025",32,3,13,33,59,8,19,28,31,37,35,98,76,99,,33,,,,
"Amaya, Jacob","676070","2025",,,,,,,,,43,,,,,,30,57,69,,,
"Mountcastle, Ryan","663624","2025",33,42,54,55,14,83,88,74,98,75,30,12,7,7,1,59,82,92,22,15
"Schuemann, Max","680474","2025",,,,,,,,,19,,,,,,,67,93,,,
"Trejo, Alan","676701","2025",,,,,,,,,12,,,,,,,19,,,,
"Benintendi, Andrew","643217","2025",44,15,60,79,20,51,69,29,47,26,69,47,44,61,31,45,8,18,65,61
"Wagaman, Eric","676572","2025",66,84,76,64,52,51,45,79,69,78,77,21,44,52,,52,42,64,88,69
"Semien, Marcus","543760","2025",38,33,32,34,50,51,45,25,66,18,57,70,49,68,10,80,69,11,53,9
"Rodríguez, Endy","682848","2025",,,,,,,,,22,,,,,,,45,,,,
"Pauley, Graham","688363","2025",,,,,,,,,78,,,,,,,37,84,,,
"Domínguez, Jasson","691176","2025",25,20,22,28,40,20,29,34,68,87,7,67,12,27,73,76,3,65,12,9
"Amador, Adael","691182","2025",,,,,,,,,15,,,,,,,18,42,,,
"Bliss, Ryan","669208","2025",,,,,,,,,17,,,,,,,83,69,,,
"Freeman, Freddie","518692","2025",98,98,98,98,95,68,79,92,83,59,81,72,36,57,3,20,84,15,97,77
"Rocchio, Brayan","677587","2025",17,33,11,9,39,8,12,7,15,10,56,19,38,9,54,36,53,33,37,42
"Ramos, Heliot","671218","2025",51,39,61,68,34,83,73,56,91,55,24,39,44,14,56,62,23,74,15,91
"Lee, Jung Hoo","808982","2025",65,91,54,30,76,28,20,46,19,17,91,43,96,61,88,71,79,11,94,15
"Allen, Nick","669397","2025",6,33,4,1,17,1,1,6,19,11,30,11,76,43,51,50,100,1,44,99
"Stowers, Kyle","669065","2025",88,90,87,80,85,91,95,50,69,85,19,63,5,41,83,43,15,87,9,95
"Kurtz, Nick","701762","2025",,,,,,,,,86,,,,,,,55,,,,
"Realmuto, J.T.","592663","2025",46,63,49,41,50,51,55,62,53,51,30,47,56,51,,82,,67,26,29
"Walker, Christian","572233","2025",20,18,30,40,17,68,69,53,91,63,11,30,34,39,,33,58,77,12,42
"Donovan, Brendan","680977","2025",95,100,89,60,97,59,38,44,56,54,96,41,97,65,30,38,78,10,94,89
"Hayes, Ke'Bryan","663647","2025",19,51,19,12,34,20,17,72,45,70,67,22,69,56,24,37,98,33,88,91
"Berti, Jon","542932","2025",,,,,,,,,80,,,,,,,86,20,,,
"García, Adolis","666969","2025",56,35,68,76,22,90,89,92,94,82,33,13,12,2,92,47,80,51,56,21
"Perdomo, Geraldo","672695","2025",65,51,39,39,85,35,24,37,26,14,94,94,98,95,58,40,99,9,95,84
"Fermin, Freddy","666023","2025",,,,,,,,,45,,,,,,,37,,,,
"Barrero, Jose","676480","2025",,,,,,,,,21,,,,,,,34,,,,
"Henderson, Gunnar","683002","2025",35,72,41,30,39,35,39,99,93,94,24,20,30,45,72,78,3,89,79,42
"Myers, Dane","667472","2025",,,,,,,,,32,,,,,,99,83,23,,,
"Ibáñez, Andy","628451","2025",,,,,,,,,53,,,,,,,50,27,,,
"Taveras, Leody","665750","2025",1,3,1,4,1,8,15,12,63,5,16,3,39,7,83,86,85,35,19,52
"Greene, Riley","682985","2025",44,38,68,75,17,87,79,49,95,85,14,20,26,25,49,29,42,84,12,69
"Naylor, Bo","666310","2025",48,8,61,83,29,44,68,70,53,23,57,80,52,73,,49,,61,33,9
"Buxton, Byron","621439","2025",44,37,69,77,12,83,80,69,89,94,4,7,6,39,67,100,94,88,19,5
"Profar, Jurickson","595777","2025",,,,,,,,,7,,,,,,,1,,,,
"De La Cruz, Elly","682829","2025",53,35,53,56,53,83,73,59,85,64,22,64,20,66,93,89,7,94,39,69
"Espinal, Santiago","669289","2025",20,59,16,7,46,4,6,9,25,8,98,44,97,85,,46,62,,,
"Lux, Gavin","666158","2025",55,55,31,24,74,28,28,49,28,46,36,85,67,100,,56,5,18,80,42
"Burleson, Alec","676475","2025",11,24,22,26,9,13,15,50,70,27,85,28,87,17,,6,73,51,83,21
"Jankowski, Travis","608671","2025",,,,,,,,,36,,,,,,,93,,,,
"Toglia, Michael","669911","2025",8,6,20,35,5,35,46,40,60,38,1,27,4,56,6,34,25,69,6,21
"Nootbaar, Lars","663457","2025",77,66,56,46,94,83,62,72,90,72,81,95,90,96,85,50,75,86,79,84
"Biggio, Cavan","624415","2025",,,,,,,,,12,,,,,,,75,,,,
"Wilson, Will","669717","2025",,,,,,,,,11,,,,,,,5,,,,
"Harper, Bryce","547180","2025",83,59,73,74,90,76,66,78,59,84,58,96,4,22,,32,34,87,14,29
"d'Arnaud, Travis","518595","2025",,,,,,,,,23,,,,,,,29,,,,
"Senger, Hayden","663584","2025",,,,,,,,,15,,,,,,,24,,,,
"Wells, Austin","669224","2025",33,19,57,75,10,76,76,62,77,82,48,31,41,51,,26,,74,31,21
"Springer, George","543807","2025",87,68,82,83,89,76,90,89,87,89,37,93,9,98,62,46,7,59,58,29
"Nuñez, Nasim","683083","2025",,,,,,,,,16,,,,,,,97,,,,
"Hays, Austin","669720","2025",,,,,,,,,47,,,,,,,66,,,,
"Harris, Dustin","687957","2025",,,,,,,,,29,,,,,,,90,,,,
"Ramírez, José","608070","2025",47,83,44,27,61,51,36,19,80,15,94,43,80,39,,84,1,29,69,61
"Peña, Jeremy","665161","2025",72,89,58,38,78,59,42,34,49,70,88,34,58,29,26,97,72,51,72,29
"Bregman, Alex","608324","2025",85,77,84,84,76,87,68,87,60,84,69,55,89,95,46,31,26,44,95,61
"Mateo, Jorge","622761","2025",,,,,,,,,17,,,,,,,81,6,,,
"Cowser, Colton","681297","2025",,,,,,,,,73,,,,,,,22,,,,
"Goodman, Hunter","696100","2025",30,20,33,44,28,44,41,41,85,71,43,44,8,16,,60,,85,15,69
"Workman, Gage","669398","2025",,,,,,,,,26,,,,,,,61,,,,
"Slater, Austin","596103","2025",,,,,,,,,57,,,,,,,63,,,,
"Walls, Taylor","670764","2025",6,7,6,10,16,8,14,12,12,11,43,72,82,89,38,64,92,7,59,77
"Heineman, Tyler","623168","2025",,,,,,,,,19,,,,,,,29,,,,
"Meidroth, Chase","805367","2025",,,,,,,,,35,,,,,,,41,82,,,
"Baty, Brett","683146","2025",,,,,,,,,94,,,,,,33,49,91,,,
"Holliday, Jackson","702616","2025",64,66,64,55,60,28,38,50,60,49,40,37,61,88,24,89,4,32,75,91
"Devers, Rafael","646240","2025",89,65,83,86,93,98,97,98,78,99,22,93,3,82,,22,,44,16,29
"Kirk, Alejandro","672386","2025",36,78,50,38,26,35,32,74,81,87,90,4,65,23,,7,,47,92,52
"Ortiz, Joey","687401","2025",10,28,9,9,19,13,11,1,53,15,79,31,93,31,43,89,45,57,29,29
"Baker, Luken","663609","2025",,,,,,,,,59,,,,,,,8,,,,
"Conine, Griffin","665052","2025",,,,,,,,,99,,,,,,,56,35,,,
"Rooker, Brent","667670","2025",87,80,90,89,66,91,81,70,69,63,27,41,9,31,,58,,77,36,61
"Rosario, Amed","642708","2025",,,,,,,,,51,,,,,,,55,4,,,
"Rivas, Leo","660844","2025",,,,,,,,,9,,,,,,,61,44,,,
"Tovar, Ezequiel","678662","2025",,,,,,,,,78,,,,,,,53,55,62,78,29
"Perez, Salvador","521692","2025",92,97,94,89,80,91,86,69,83,70,58,22,35,4,,3,,65,31,7
"Santander, Anthony","623993","2025",20,13,22,31,28,28,23,53,70,40,41,71,58,32,,24,,47,39,61
"O'Neill, Tyler","641933","2025",59,21,81,90,19,51,94,31,43,43,14,31,8,30,93,80,16,,,
"Lee, Korey","686676","2025",,,,,,,,,14,,,,,,,56,,,,
"Yelich, Christian","592885","2025",57,39,42,46,68,28,27,72,93,82,24,81,14,49,,59,,65,9,29
"Thomas, Lane","657041","2025",,,,,,,,,73,,,,,,,95,,,,
"Crews, Dylan","686611","2025",56,56,68,67,30,83,82,59,78,42,13,14,17,46,67,96,67,71,37,61
"Bader, Harrison","664056","2025",15,8,12,23,25,44,59,16,63,57,28,50,31,28,73,78,96,57,24,69
"Rojas, Miguel","500743","2025",,,,,,,,,14,,,,,,,8,15,,,
"Azocar, José","640492","2025",,,,,,,,,58,,,,,,,93,,,,
"Witt Jr., Bobby","677951","2025",85,92,73,49,91,76,53,74,92,60,79,56,64,18,74,100,99,82,43,77
"Fitzgerald, Tyler","666149","2025",5,10,7,11,7,13,22,1,26,4,43,30,23,17,12,95,19,15,18,52
"Farmer, Kyle","571657","2025",3,14,6,7,3,8,9,11,27,11,40,8,78,25,7,25,59,2,81,91
"Andujar, Miguel","609280","2025",45,80,36,22,52,20,22,24,81,38,95,26,91,48,95,46,8,40,73,15
"Arraez, Luis","650333","2025",13,68,18,6,32,1,1,10,41,1,100,15,100,17,,24,1,1,100,100
"Narváez, Carlos","665966","2025",22,17,42,57,7,51,74,50,75,31,39,30,36,24,,17,,46,45,21
"Beck, Jordan","687597","2025",76,33,85,91,43,68,98,82,75,74,2,59,2,33,75,88,13,79,6,9
"Bailey, Patrick","672275","2025",2,1,6,23,1,13,22,14,34,19,2,22,3,41,,15,,40,14,52
"Martini, Nick","605361","2025",5,14,2,2,26,4,7,4,23,9,89,67,91,73,,59,,,,
"Schneemann, Daniel","682177","2025",,,,,,,,,79,,,,,,,71,68,,,
"Wade Jr., LaMonte","664774","2025",12,8,8,17,36,8,10,50,40,10,35,81,60,99,6,16,17,20,75,89
"Gorski, Matt","685301","2025",,,,,,,,,97,,,,,,,85,,,,
"Nimmo, Brandon","607043","2025",67,66,80,78,52,87,72,92,45,98,73,47,52,73,46,49,50,51,83,52
"Contreras, William","661388","2025",35,29,18,19,72,13,12,44,95,43,74,91,47,79,,27,,67,75,69
"Vargas, Miguel","678246","2025",20,15,17,24,41,28,24,56,66,40,51,70,63,83,53,64,70,29,69,21
"Quero, Edgar","700337","2025",,,,,,,,,34,,,,,,,11,,,,
"Harris II, Michael","671739","2025",26,64,36,28,15,51,34,32,88,20,69,4,82,2,89,80,89,69,29,15
"Smith, Cam","701358","2025",39,39,30,30,58,20,35,12,73,34,9,58,16,67,80,96,88,92,3,29
"Reynolds, Bryan","668804","2025",78,72,86,87,59,90,78,80,85,75,21,46,22,45,69,61,27,59,33,84
"Olson, Matt","621566","2025",94,64,91,94,95,95,93,97,94,96,72,98,56,85,11,6,95,77,45,42
"Arcia, Orlando","606115","2025",,,,,,,,,29,,,,,,,6,,,,
"Rodríguez, Julio","677594","2025",69,47,71,75,67,59,48,79,93,65,51,70,6,11,97,97,98,91,24,15
"Call, Alex","669743","2025",76,83,31,13,96,4,6,23,43,6,98,96,98,100,81,59,12,,,
"Fairchild, Stuart","656413","2025",,,,,,,,,14,,,,,,,70,,,,
"Gorman, Nolan","669357","2025",42,7,35,54,48,28,64,19,36,48,19,87,31,86,,14,88,,,
"Manzardo, Kyle","700932","2025",51,4,65,87,36,76,82,42,41,58,24,83,27,85,,4,,49,31,21
"Haase, Eric","606992","2025",,,,,,,,,53,,,,,,,64,,,,
"Kelly, Carson","608348","2025",99,96,98,96,100,59,91,83,30,93,98,100,81,94,,13,,,,
"Burger, Jake","669394","2025",17,15,37,54,5,59,75,62,92,77,11,4,20,9,28,75,31,92,21,29
"Bohm, Alec","664761","2025",48,77,46,33,43,59,48,74,57,75,70,6,94,63,36,43,9,49,91,42
"Maldonado, Martín","455117","2025",,,,,,,,,35,,,,,,,1,,,,
"Smith, Pavin","656976","2025",80,26,62,76,90,59,94,67,57,53,8,99,6,87,,27,,57,50,42
"Caminero, Junior","691406","2025",46,63,66,61,21,68,56,82,98,86,44,12,73,7,,39,5,100,21,1
"McNeil, Jeff","643446","2025",,,,,,,,,24,,,,,,,22,,,,
"Taylor, Michael A.","572191","2025",,,,,,,,,70,,,,,,,51,63,,,
"Naylor, Josh","647304","2025",74,85,67,48,81,51,34,62,75,66,91,70,82,35,70,5,55,29,92,42
"Barger, Addison","680718","2025",,,,,,,,,89,,,,,,,60,,,,
"Hoskins, Rhys","656555","2025",70,53,51,47,87,59,69,62,78,73,49,89,42,90,26,8,43,33,44,1
"Straw, Myles","664702","2025",,,,,,,,,27,,,,,,,90,,,,
"Noel, Jhonkensy","678877","2025",,,,,,,,,99,,,,,,,58,19,98,1,21
"Aranda, Jonathan","666018","2025",96,90,94,93,94,76,84,98,81,100,47,79,42,62,,17,88,27,42,42
"Saggese, Thomas","695336","2025",,,,,,,,,64,,,,,,,77,39,,,
"Merrill, Jackson","701538","2025",,,,,,,,,76,,,,,,,67,,,,
"Schanuel, Nolan","694384","2025",18,32,17,16,41,13,13,14,63,2,81,56,94,75,8,16,8,7,91,91
"Sosa, Edmundo","624641","2025",,,,,,,,,46,,,,,,,98,58,,,
"Raleigh, Cal","663728","2025",89,43,93,97,80,99,99,82,74,76,26,88,19,39,,23,,84,6,9
"Bouchard, Sean","656248","2025",,,,,,,,,21,,,,,,,33,,,,
"Kiner-Falefa, Isiah","643396","2025",12,56,8,3,39,1,1,16,22,15,68,28,88,41,19,49,13,3,84,84
"Wood, James","695578","2025",87,45,88,91,76,91,91,85,98,90,27,87,39,67,60,72,17,94,17,29
"Bart, Joey","663698","2025",63,22,35,45,82,35,56,30,72,28,24,93,22,84,,18,,74,24,52
"Newman, Kevin","621028","2025",,,,,,,,,25,,,,,,,30,94,,,
"Diaz, Yainer","673237","2025",41,51,67,69,10,59,59,39,62,23,60,4,54,1,,38,,51,51,29
"Edwards, Xavier","669364","2025",11,37,5,1,46,1,1,3,25,2,75,56,96,68,11,68,1,4,78,97
"Sweeney, Trey","700242","2025",28,23,27,35,34,35,35,39,75,46,47,67,53,50,17,87,40,82,24,29
"Jeffers, Ryan","680777","2025",74,62,74,73,70,35,41,72,70,81,77,59,69,78,,10,,40,85,61
"Paredes, Isaac","670623","2025",51,58,29,21,74,20,17,9,38,19,78,77,92,75,16,21,86,11,45,5
"Kjerstad, Heston","677008","2025",57,48,77,82,17,44,69,67,32,80,15,2,17,12,66,70,10,20,36,77
"Díaz, Yandy","650490","2025",63,82,58,44,64,59,36,90,93,89,91,37,90,59,,11,,76,86,21